PROM_S,DESVEST_S
29.9887,1.5175
29.9427,1.5169
29.9148,1.5350
29.8996,1.5548
29.9152,1.5176
29.9238,1.5208
29.9122,1.5717
29.8734,1.5893
29.8656,1.6044
29.8379,1.6220
29.8127,1.6181
29.8014,1.5956
29.7746,1.6401
29.7689,1.6730
29.7533,1.6797
29.7669,1.6961
29.7521,1.7705
29.7436,1.7834
29.7302,1.7864
29.7048,1.7796
29.6796,1.7824
29.6575,1.7589
29.6595,1.7831
29.6487,1.7825
29.6482,1.7563
29.6528,1.7652
29.6605,1.7449
29.6750,1.6998
29.6810,1.6885
29.7203,1.6847
29.7284,1.7005
29.7690,1.6303
29.7753,1.6606
29.7574,1.6854
29.7292,1.7033
29.7307,1.6870
29.7183,1.7030
29.7182,1.6819
29.7241,1.6783
29.7194,1.7304
29.6943,1.7605
29.6880,1.7615
29.6585,1.7716
29.6401,1.7619
29.6104,1.7621
29.5778,1.7889
29.5441,1.8179
29.5251,1.7588
29.5218,1.7310
29.5078,1.7774
29.5104,1.7817
29.5163,1.7648
29.4796,1.7864
29.4627,1.8048
29.4453,1.8127
29.4704,1.7788
29.4416,1.8165
29.4356,1.8329
29.4227,1.8313
29.4011,1.8575
29.4132,1.8038
29.4156,1.7648
29.4029,1.7904
29.3978,1.7815
29.3985,1.7471
29.3738,1.7430
29.3831,1.7353
29.4130,1.7223
29.4225,1.7212
29.4304,1.6806
29.4022,1.6922
29.3748,1.6989
29.3657,1.6949
29.3197,1.7323
29.2734,1.7233
29.2229,1.7433
29.1904,1.7900
29.1965,1.7850
29.1988,1.7960
29.2343,1.7743
29.2512,1.7753
29.2627,1.7640
29.2435,1.7658
29.2204,1.7671
29.2017,1.7665
29.2030,1.7476
29.2312,1.7070
29.2384,1.7045
29.2660,1.6762
29.3009,1.6999
29.3295,1.7077
29.3527,1.6804
29.3596,1.6868
29.3504,1.6934
29.3278,1.6979
29.3320,1.7006
29.3118,1.7301
29.3125,1.7377
29.3282,1.7264
29.3669,1.7387
29.4040,1.7494
29.4280,1.7657
29.4288,1.7825
29.4529,1.8025
29.4545,1.7837
29.4600,1.7705
29.4845,1.7570
29.4766,1.7896
29.4949,1.7785
29.5154,1.7694
29.5357,1.7827
29.5450,1.7668
29.5577,1.7524
29.5690,1.7679
29.5556,1.7476
29.5567,1.7373
29.5554,1.7381
29.5735,1.7079
29.5958,1.6843
29.6183,1.6953
29.6472,1.6827
29.6468,1.6850
29.6705,1.6317
29.6992,1.6254
29.7283,1.6407
29.7284,1.6506
29.7676,1.6558
29.8262,1.6616
29.8835,1.6447
29.9597,1.6586
30.0033,1.6586
30.0638,1.6440
30.1342,1.6569
30.2066,1.6804
30.2895,1.6668
30.3804,1.7175
30.4747,1.7154
30.5499,1.7310
30.5994,1.7697
30.6516,1.7806
30.7212,1.7701
30.7607,1.7614
30.7970,1.7700
30.8142,1.7877
30.8170,1.8139
30.8517,1.8215
30.8717,1.8368
30.8879,1.8538
30.8815,1.8431
30.9033,1.8327
30.8763,1.7980
30.8617,1.8222
30.8803,1.8314
30.9117,1.8047
30.9564,1.7910
30.9831,1.7943
31.0181,1.7956
31.0575,1.7770
31.0956,1.7678
31.1511,1.7376
31.1865,1.7574
31.2411,1.7685
31.2970,1.7733
31.3823,1.7830
31.4383,1.7994
31.5115,1.7900
31.5814,1.7608
31.6469,1.7564
31.7053,1.7859
31.7381,1.8046
31.7845,1.8064
31.8113,1.8191
31.8315,1.8255
31.8636,1.8454
31.8780,1.8718
31.9100,1.8586
31.9428,1.8321
31.9787,1.8079
31.9678,1.8155
31.9770,1.7997
31.9927,1.8237
31.9998,1.8410
32.0025,1.8449
32.0033,1.8164
31.9991,1.8145
32.0220,1.8020
32.0771,1.8006
32.0990,1.7883
32.1415,1.7509
32.1686,1.7380
32.2089,1.7098
32.2176,1.7460
32.2343,1.7405
32.2708,1.7247
32.2959,1.7091
32.3227,1.6759
32.3434,1.6642
32.3780,1.6368
32.4207,1.6172
32.4668,1.5834
32.5028,1.5456
32.5134,1.5086
32.5450,1.5078
32.5650,1.4894
32.5824,1.4718
32.5805,1.4813
32.6136,1.4106
32.6306,1.4322
32.6656,1.3952
32.6810,1.3874
32.6972,1.4109
32.7281,1.4047
32.7423,1.3964
32.7465,1.3987
32.7513,1.3764
32.7332,1.3850
32.7396,1.3985
32.7367,1.3979
32.7314,1.4221
32.7555,1.4070
32.7630,1.4275
32.7499,1.4426
32.7615,1.3954
32.7368,1.4009
32.7400,1.4109
32.7332,1.4001
32.7259,1.4190
32.7200,1.4357
32.7296,1.4233
32.7285,1.4463
32.7417,1.4477
32.7441,1.4493
32.7648,1.4460
32.7670,1.4510
32.7388,1.4921
32.7231,1.4637
32.7189,1.4791
32.6986,1.5162
32.7029,1.5320
32.6932,1.5413
32.6839,1.5579
32.6745,1.5401
32.6602,1.5478
32.5901,1.6150
32.5460,1.6484
32.4826,1.7105
32.4277,1.7527
32.3787,1.7585
32.3140,1.7954
32.2524,1.8291
32.2276,1.8621
32.1883,1.8626
32.1514,1.8366
32.1280,1.8174
32.0956,1.8253
32.0519,1.8434
32.0096,1.8857
31.9622,1.9149
31.9764,1.8728
31.9791,1.8375
31.9978,1.7643
31.9949,1.7237
31.9764,1.7318
31.9697,1.7158
31.9819,1.6768
31.9723,1.6664
31.9705,1.6555
31.9652,1.6701
31.9476,1.6813
31.9189,1.6810
31.9345,1.6483
31.9639,1.6042
31.9894,1.5538
31.9829,1.5335
31.9669,1.5705
31.9309,1.6143
31.9100,1.6468
31.9092,1.6748
31.9249,1.7007
31.9586,1.6671
31.9864,1.6714
31.9964,1.6686
32.0040,1.6509
31.9955,1.6666
31.9859,1.6976
31.9782,1.7050
31.9617,1.6978
31.9519,1.7071
31.9595,1.7188
31.9806,1.6835
32.0232,1.6280
32.0398,1.5811
32.0339,1.5602
32.0435,1.5154
32.0223,1.5399
31.9809,1.5402
31.9815,1.5370
31.9753,1.5089
31.9919,1.5030
32.0169,1.4451
32.0231,1.4076
32.0198,1.3799
32.0017,1.4000
31.9847,1.3784
31.9739,1.3428
31.9517,1.3340
31.9278,1.3809
31.9274,1.3546
31.8907,1.3590
31.8688,1.3500
31.8767,1.3062
31.8499,1.3285
31.8329,1.3477
31.8104,1.3078
31.7867,1.3316
31.7543,1.3286
31.7367,1.3417
31.7178,1.3006
31.6910,1.3182
31.6528,1.3523
31.6148,1.3647
31.6114,1.3006
31.5779,1.2749
31.5448,1.2481
31.5218,1.2358
31.4565,1.2513
31.3932,1.2664
31.3452,1.2663
31.2884,1.2850
31.2339,1.2496
31.1734,1.2901
31.1192,1.3057
31.0773,1.3364
31.0355,1.3250
31.0078,1.3136
30.9592,1.3706
30.9047,1.3845
30.8436,1.4140
30.7943,1.4689
30.7307,1.5205
30.6968,1.5372
30.6968,1.5331
30.6748,1.5925
30.6356,1.6151
30.6128,1.6796
30.5748,1.7091
30.5415,1.7193
30.4827,1.7233
30.4608,1.7319
30.4064,1.7549
30.3591,1.7796
30.3394,1.7892
30.3206,1.7958
30.3101,1.7478
30.2993,1.6984
30.2615,1.7389
30.1989,1.7376
30.1565,1.6910
30.1527,1.6771
30.1199,1.6203
30.1280,1.5741
30.1019,1.5784
30.0999,1.6075
30.0759,1.6044
30.0544,1.5812
30.0456,1.5281
